patch_name,image_file,label_tag,sentinel1_id,sar_date_from,sar_date_to,sar_center_time,min_lon,min_lat,max_lon,max_lat,s2_id,s2_datetime,s2_cloud,_key,s1_file,s2_file,s1_time,s2_time,dt_hours,s1_exists,s2_exists,obj_ul_lon,obj_ul_lat,obj_ur_lon,obj_ur_lat,obj_br_lon,obj_br_lat,obj_bl_lon,obj_bl_lat
S1_20190504_155639_155819_VV_0,ow-0249.jpg,ow-0249-01-000637,S1A_IW_GRDH_1SDV_20190504T155704_20190504T155729_027080_030D1A_1E63.SAFE,2019-05-04 15:56:39+00:00,2019-05-04 15:58:19+00:00,2019-05-04T15:57:29Z,32.1731339515089,31.6724853919517,32.3298097048151,31.8072099267381,S2A_MSIL2A_20190504T082611_N0500_R021_T36SVA_20230717T155903.SAFE,2019-05-04 08:41:23+00:00,1.25,S1_20190504_155639_155819_VV_0||2019-05-04 08:41:23+00:00,dataset_out\sent1\S1_20190504_155639_155819_VV_0__S1__20190504T155639Z.png,dataset_out\sentinel2\S1_20190504_155639_155819_VV_0__S2__20190504T084123Z.png,2019-05-04 15:56:39+00:00,2019-05-04 08:41:23+00:00,-7.254444444444444,True,True,32.2407732763291,31.7078626567883,32.2722398900843,31.7124253006198,32.2641915797153,31.7522695898047,32.2327249659602,31.7477069459732
S1_20190512_035118_035259_VV_0,ow-0266.jpg,ow-0266-01-000665,S1A_IW_GRDH_1SDV_20190512T035208_20190512T035233_027189_0310AB_E893.SAFE,2019-05-12 03:51:18+00:00,2019-05-12 03:52:59+00:00,2019-05-12T03:52:08Z,31.2603430791179,32.2578809195857,31.4178025299194,32.3927589743101,S2B_MSIL2A_20190512T083609_N0500_R064_T36SUA_20221206T001110.SAFE,2019-05-12 08:51:27+00:00,0.35,S1_20190512_035118_035259_VV_0||2019-05-12 08:51:27+00:00,dataset_out\sent1\S1_20190512_035118_035259_VV_0__S1__20190512T035118Z.png,dataset_out\sentinel2\S1_20190512_035118_035259_VV_0__S2__20190512T085127Z.png,2019-05-12 03:51:18+00:00,2019-05-12 08:51:27+00:00,5.0025,True,True,31.3484287732826,32.337300714478,31.3338018892429,32.339449858265,31.3286855522706,32.3146036611809,31.3433124363103,32.3124545173939
S1_20190512_035118_035259_VV_1,ow-0267.jpg,ow-0267-01-000666,S1A_IW_GRDH_1SDV_20190512T035208_20190512T035233_027189_0310AB_E893.SAFE,2019-05-12 03:51:18+00:00,2019-05-12 03:52:59+00:00,2019-05-12T03:52:08Z,31.2968176329476,32.109878047734,31.4542770837491,32.2447561024584,S2B_MSIL2A_20190512T083609_N0500_R064_T36SUA_20221206T001110.SAFE,2019-05-12 08:51:27+00:00,0.35,S1_20190512_035118_035259_VV_1||2019-05-12 08:51:27+00:00,dataset_out\sent1\S1_20190512_035118_035259_VV_1__S1__20190512T035118Z.png,dataset_out\sentinel2\S1_20190512_035118_035259_VV_1__S2__20190512T085127Z.png,2019-05-12 03:51:18+00:00,2019-05-12 08:51:27+00:00,5.0025,True,True,31.3541327610419,32.1778666518166,31.3457745415907,32.1790947339806,31.3444769198948,32.1727931622563,31.352835139346,32.1715650800923
S1_20190512_035118_035259_VV_2,ow-0268.jpg,ow-0268-01-000669,S1A_IW_GRDH_1SDV_20190512T035208_20190512T035233_027189_0310AB_E893.SAFE,2019-05-12 03:51:18+00:00,2019-05-12 03:52:59+00:00,2019-05-12T03:52:08Z,31.4087607496462,31.9397761196502,31.5664464902478,32.0749603472729,S2B_MSIL2A_20190512T083609_N0500_R064_T36SUA_20221206T001110.SAFE,2019-05-12 08:51:27+00:00,0.35,S1_20190512_035118_035259_VV_2||2019-05-12 08:51:27+00:00,dataset_out\sent1\S1_20190512_035118_035259_VV_2__S1__20190512T035118Z.png,dataset_out\sentinel2\S1_20190512_035118_035259_VV_2__S2__20190512T085127Z.png,2019-05-12 03:51:18+00:00,2019-05-12 08:51:27+00:00,5.0025,True,True,31.528219266837,31.960642714797,31.512561363484,31.9629785436715,31.5094771856354,31.9482119040768,31.5251350889884,31.9458760752023
S1_20190512_035118_035259_VV_4,ow-0270.jpg,ow-0270-01-000672,S1A_IW_GRDH_1SDV_20190512T035208_20190512T035233_027189_0310AB_E893.SAFE,2019-05-12 03:51:18+00:00,2019-05-12 03:52:59+00:00,2019-05-12T03:52:08Z,31.2705673652038,31.6232286331371,31.4272159266704,31.7583311209169,S2B_MSIL2A_20190512T083609_N0500_R064_T36SUA_20221206T001110.SAFE,2019-05-12 08:51:27+00:00,0.35,S1_20190512_035118_035259_VV_4||2019-05-12 08:51:27+00:00,dataset_out\sent1\S1_20190512_035118_035259_VV_4__S1__20190512T035118Z.png,dataset_out\sentinel2\S1_20190512_035118_035259_VV_4__S2__20190512T085127Z.png,2019-05-12 03:51:18+00:00,2019-05-12 08:51:27+00:00,5.0025,True,True,31.3652726549295,31.6924152170854,31.3329064381003,31.6972541247309,31.3312657824513,31.6893306488011,31.3636319992805,31.6844917411557
S1_20190610_154748_154928_VV_15,ow-0401.jpg,ow-0401-01-001030,S1B_IW_GRDH_1SDV_20190610T154813_20190610T154838_016636_01F4FD_EE80.SAFE,2019-06-10 15:47:48+00:00,2019-06-10 15:49:28+00:00,2019-06-10T15:48:38Z,33.8834642448373,32.6323394718848,34.0414459360221,32.7669685144442,S2A_MSIL2A_20190610T081611_N0500_R121_T36SWB_20230725T023926.SAFE,2019-06-10 08:31:08+00:00,2.39,S1_20190610_154748_154928_VV_15||2019-06-10 08:31:08+00:00,dataset_out\sent1\S1_20190610_154748_154928_VV_15__S1__20190610T154748Z.png,dataset_out\sentinel2\S1_20190610_154748_154928_VV_15__S2__20190610T083108Z.png,2019-06-10 15:47:48+00:00,2019-06-10 08:31:08+00:00,-7.277777777777778,True,True,33.9682253939072,32.6722810007738,33.9743231428952,32.673153162547,33.9712870704578,32.68811667936,33.9651893214698,32.6872445175868
S1_20190623_035044_035223_VV_0,ow-0447.jpg,ow-0447-01-001152,S1B_IW_GRDH_1SDV_20190623T035134_20190623T035159_016818_01FA62_D8E1.SAFE,2019-06-23 03:50:44+00:00,2019-06-23 03:52:23+00:00,2019-06-23T03:51:33Z,32.5632750853791,31.7851842716264,32.8049369232535,31.9935405607599,S2A_MSIL2A_20190623T082611_N0500_R021_T36SVA_20221218T060558.SAFE,2019-06-23 08:41:24+00:00,7.37,S1_20190623_035044_035223_VV_0||2019-06-23 08:41:24+00:00,dataset_out\sent1\S1_20190623_035044_035223_VV_0__S1__20190623T035044Z.png,dataset_out\sentinel2\S1_20190623_035044_035223_VV_0__S2__20190623T084124Z.png,2019-06-23 03:50:44+00:00,2019-06-23 08:41:24+00:00,4.844444444444444,True,True,32.7687366816953,31.7987261846236,32.7479919227433,31.8020406230406,32.7449991737991,31.7885318544276,32.7657439327511,31.7852174160106
S1_20190623_035044_035223_VV_4,ow-0451.jpg,ow-0451-02-001164,S1B_IW_GRDH_1SDV_20190623T035134_20190623T035159_016818_01FA62_D8E1.SAFE,2019-06-23 03:50:44+00:00,2019-06-23 03:52:23+00:00,2019-06-23T03:51:33Z,31.42775348387,32.1494929666284,31.5849738873287,32.2845037385216,S2A_MSIL2A_20190623T082611_N0500_R021_T36SUA_20221218T060558.SAFE,2019-06-23 08:41:27+00:00,0.25,S1_20190623_035044_035223_VV_4||2019-06-23 08:41:27+00:00,dataset_out\sent1\S1_20190623_035044_035223_VV_4__S1__20190623T035044Z.png,dataset_out\sentinel2\S1_20190623_035044_035223_VV_4__S2__20190623T084127Z.png,2019-06-23 03:50:44+00:00,2019-06-23 08:41:27+00:00,4.845277777777778,True,True,31.5244988865851,32.2651373531004,31.4663642899564,32.27377784556,31.4612183871802,32.2489399398398,31.5193529838089,32.2402994473802
S1_20190623_035044_035223_VV_5,ow-0452.jpg,ow-0452-01-001165,S1B_IW_GRDH_1SDV_20190623T035134_20190623T035159_016818_01FA62_D8E1.SAFE,2019-06-23 03:50:44+00:00,2019-06-23 03:52:23+00:00,2019-06-23T03:51:33Z,31.2997511452369,32.2000874991622,31.457948962792,32.3350252553402,S2A_MSIL2A_20190623T082611_N0500_R021_T36SUA_20221218T060558.SAFE,2019-06-23 08:41:27+00:00,0.25,S1_20190623_035044_035223_VV_5||2019-06-23 08:41:27+00:00,dataset_out\sent1\S1_20190623_035044_035223_VV_5__S1__20190623T035044Z.png,dataset_out\sentinel2\S1_20190623_035044_035223_VV_5__S2__20190623T084127Z.png,2019-06-23 03:50:44+00:00,2019-06-23 08:41:27+00:00,4.845277777777778,True,True,31.4314753158054,32.2555435163905,31.3981250681736,32.26045300822,31.394194487167,32.2415568998429,31.4275447347988,32.2366474080134
S1_20190623_035044_035223_VV_6,ow-0453.jpg,ow-0453-01-001167,S1B_IW_GRDH_1SDV_20190623T035134_20190623T035159_016818_01FA62_D8E1.SAFE,2019-06-23 03:50:44+00:00,2019-06-23 03:52:23+00:00,2019-06-23T03:51:33Z,31.5439951251735,32.0446842225716,31.7014370536694,32.1799962022565,S2A_MSIL2A_20190623T082611_N0500_R021_T36SUA_20221218T060558.SAFE,2019-06-23 08:41:27+00:00,0.25,S1_20190623_035044_035223_VV_6||2019-06-23 08:41:27+00:00,dataset_out\sent1\S1_20190623_035044_035223_VV_6__S1__20190623T035044Z.png,dataset_out\sentinel2\S1_20190623_035044_035223_VV_6__S2__20190623T084127Z.png,2019-06-23 03:50:44+00:00,2019-06-23 08:41:27+00:00,4.845277777777778,True,True,31.6311566296759,32.1136670515531,31.6095051380454,32.1169332723862,31.6063664437641,32.1019916954933,31.6280179353946,32.0987254746603
S1_20190623_035044_035223_VV_8,ow-0454.jpg,ow-0454-01-001168,S1B_IW_GRDH_1SDV_20190623T035134_20190623T035159_016818_01FA62_D8E1.SAFE,2019-06-23 03:50:44+00:00,2019-06-23 03:52:23+00:00,2019-06-23T03:51:33Z,31.8442644228178,31.6900622539564,32.0434512150869,31.861458465755,S2A_MSIL2A_20190623T082611_N0500_R021_T36SVA_20221218T060558.SAFE,2019-06-23 08:41:24+00:00,7.37,S1_20190623_035044_035223_VV_8||2019-06-23 08:41:24+00:00,dataset_out\sent1\S1_20190623_035044_035223_VV_8__S1__20190623T035044Z.png,dataset_out\sentinel2\S1_20190623_035044_035223_VV_8__S2__20190623T084124Z.png,2019-06-23 03:50:44+00:00,2019-06-23 08:41:24+00:00,4.844444444444444,True,True,31.9470129160043,31.8145232545038,31.8680048266568,31.8267061652973,31.8566171532707,31.7735873640796,31.9356252426181,31.7614044532861
S1_20190623_035044_035223_VV_10,ow-0456.jpg,ow-0456-01-001172,S1B_IW_GRDH_1SDV_20190623T035134_20190623T035159_016818_01FA62_D8E1.SAFE,2019-06-23 03:50:44+00:00,2019-06-23 03:52:23+00:00,2019-06-23T03:51:33Z,32.5815247448325,31.5258216004583,32.7398293264494,31.6623088318252,S2A_MSIL2A_20190623T082611_N0500_R021_T36SVA_20221218T060558.SAFE,2019-06-23 08:41:24+00:00,7.37,S1_20190623_035044_035223_VV_10||2019-06-23 08:41:24+00:00,dataset_out\sent1\S1_20190623_035044_035223_VV_10__S1__20190623T035044Z.png,dataset_out\sentinel2\S1_20190623_035044_035223_VV_10__S2__20190623T084124Z.png,2019-06-23 03:50:44+00:00,2019-06-23 08:41:24+00:00,4.844444444444444,True,True,32.6944924828511,31.6177552517621,32.6915882165978,31.6182192731405,32.6912689900438,31.6167783378218,32.694173256297,31.6163143164434
S1_20190623_035044_035223_VV_13,ow-0457.jpg,ow-0457-01-001179,S1B_IW_GRDH_1SDV_20190623T035134_20190623T035159_016818_01FA62_D8E1.SAFE,2019-06-23 03:50:44+00:00,2019-06-23 03:52:23+00:00,2019-06-23T03:51:33Z,32.5457026411851,31.0870813856226,32.7033214938641,31.2237253438374,S2A_MSIL2A_20190623T082611_N0500_R021_T36RVV_20221218T060558.SAFE,2019-06-23 08:41:38+00:00,9.6,S1_20190623_035044_035223_VV_13||2019-06-23 08:41:38+00:00,dataset_out\sent1\S1_20190623_035044_035223_VV_13__S1__20190623T035044Z.png,dataset_out\sentinel2\S1_20190623_035044_035223_VV_13__S2__20190623T084138Z.png,2019-06-23 03:50:44+00:00,2019-06-23 08:41:38+00:00,4.848333333333334,True,True,32.642599903805,31.1608697070321,32.6133426385227,31.165612319237,32.6069843428211,31.1371553330975,32.6362416081034,31.1324127208927
S1_20190626_160452_160632_VV_1,ow-0471.jpg,ow-0471-01-001227,S1A_IW_GRDH_1SDV_20190626T160517_20190626T160542_027853_032501_FC2B.SAFE,2019-06-26 16:04:52+00:00,2019-06-26 16:06:32+00:00,2019-06-26T16:05:42Z,30.1253180408391,31.3241682711648,30.2811411935644,31.4590661277682,S2A_MSIL2A_20190626T083601_N0500_R064_T35RQQ_20230722T195036.SAFE,2019-06-26 08:51:44+00:00,0.1,S1_20190626_160452_160632_VV_1||2019-06-26 08:51:44+00:00,dataset_out\sent1\S1_20190626_160452_160632_VV_1__S1__20190626T160452Z.png,dataset_out\sentinel2\S1_20190626_160452_160632_VV_1__S2__20190626T085144Z.png,2019-06-26 16:04:52+00:00,2019-06-26 08:51:44+00:00,-7.218888888888888,True,True,30.202444937423,31.3881572288015,30.2055452609925,31.3886127263723,30.2042209852185,31.3951075366362,30.201120661649,31.3946520390654
S1_20190711_035121_035303_VV_4,ow-0507.jpg,ow-0507-01-001288,S1A_IW_GRDH_1SDV_20190711T035146_20190711T035211_028064_032B5E_C727.SAFE,2019-07-11 03:51:21+00:00,2019-07-11 03:53:03+00:00,2019-07-11T03:52:12Z,31.8721443082119,34.4402478179526,32.0336258958293,34.575288394428,S2B_MSIL2A_20190711T083609_N0500_R064_T36SUD_20230722T202255.SAFE,2019-07-11 08:50:45+00:00,1.02,S1_20190711_035121_035303_VV_4||2019-07-11 08:50:45+00:00,dataset_out\sent1\S1_20190711_035121_035303_VV_4__S1__20190711T035121Z.png,dataset_out\sentinel2\S1_20190711_035121_035303_VV_4__S2__20190711T085045Z.png,2019-07-11 03:51:21+00:00,2019-07-11 08:50:45+00:00,4.99,True,True,31.9914360034676,34.517643181462,31.9203567484006,34.5278374469102,31.9140443115642,34.4975634242721,31.9851235666312,34.4873691588239
S1_20190711_035121_035303_VV_8,ow-0510.jpg,ow-0510-01-001302,S1A_IW_GRDH_1SDV_20190711T035211_20190711T035236_028064_032B5E_F1C5.SAFE,2019-07-11 03:51:21+00:00,2019-07-11 03:53:03+00:00,2019-07-11T03:52:12Z,30.7965568119644,32.4370905916393,30.9536051161789,32.5715707245404,S2B_MSIL2A_20190711T083609_N0500_R064_T36STB_20230722T202255.SAFE,2019-07-11 08:51:17+00:00,0.0,S1_20190711_035121_035303_VV_8||2019-07-11 08:51:17+00:00,dataset_out\sent1\S1_20190711_035121_035303_VV_8__S1__20190711T035121Z.png,dataset_out\sentinel2\S1_20190711_035121_035303_VV_8__S2__20190711T085117Z.png,2019-07-11 03:51:21+00:00,2019-07-11 08:51:17+00:00,4.998888888888889,True,True,30.8949660201274,32.5175989227678,30.8562825783121,32.5231518344554,30.8507304699655,32.4955950857281,30.8894139117808,32.4900421740405
S1_20190716_035932_040112_VV_0,ow-0515.jpg,ow-0515-01-001309,S1A_IW_GRDH_1SDV_20190716T040022_20190716T040047_028137_032D90_2975.SAFE,2019-07-16 03:59:32+00:00,2019-07-16 04:01:12+00:00,2019-07-16T04:00:22Z,30.2909042867093,32.3387869092983,30.5787462266932,32.5855356950485,S2A_MSIL2A_20190716T083611_N0500_R064_T36STB_20230721T080412.SAFE,2019-07-16 08:51:14+00:00,0.32,S1_20190716_035932_040112_VV_0||2019-07-16 08:51:14+00:00,dataset_out\sent1\S1_20190716_035932_040112_VV_0__S1__20190716T035932Z.png,dataset_out\sentinel2\S1_20190716_035932_040112_VV_0__S2__20190716T085114Z.png,2019-07-16 03:59:32+00:00,2019-07-16 08:51:14+00:00,4.861666666666666,True,True,30.5651334160871,32.5498355977572,30.5321393845495,32.5549608322049,30.5293872212182,32.5423414927611,30.5623812527558,32.5372162583135
S1_20190716_035932_040112_VV_3,ow-0516.jpg,ow-0516-01-001310,S1A_IW_GRDH_1SDV_20190716T040022_20190716T040047_028137_032D90_2975.SAFE,2019-07-16 03:59:32+00:00,2019-07-16 04:01:12+00:00,2019-07-16T04:00:22Z,30.0593925944292,32.5343093802624,30.2178644345696,32.6699924590525,S2A_MSIL2A_20190716T083611_N0500_R064_T36STB_20230721T080412.SAFE,2019-07-16 08:51:14+00:00,0.32,S1_20190716_035932_040112_VV_3||2019-07-16 08:51:14+00:00,dataset_out\sent1\S1_20190716_035932_040112_VV_3__S1__20190716T035932Z.png,dataset_out\sentinel2\S1_20190716_035932_040112_VV_3__S2__20190716T085114Z.png,2019-07-16 03:59:32+00:00,2019-07-16 08:51:14+00:00,4.861666666666666,True,True,30.1495074403992,32.6025451984879,30.1283875864022,32.6057536441062,30.1273864619947,32.6010674555261,30.1485063159917,32.5978590099078
S1_20190716_035932_040112_VV_4,ow-0517.jpg,ow-0517-01-001311,S1A_IW_GRDH_1SDV_20190716T040022_20190716T040047_028137_032D90_2975.SAFE,2019-07-16 03:59:32+00:00,2019-07-16 04:01:12+00:00,2019-07-16T04:00:22Z,30.5630766526745,32.3997270329968,30.7219961416221,32.5360128391091,S2A_MSIL2A_20190716T083611_N0500_R064_T36STB_20230721T080412.SAFE,2019-07-16 08:51:14+00:00,0.32,S1_20190716_035932_040112_VV_4||2019-07-16 08:51:14+00:00,dataset_out\sent1\S1_20190716_035932_040112_VV_4__S1__20190716T035932Z.png,dataset_out\sentinel2\S1_20190716_035932_040112_VV_4__S2__20190716T085114Z.png,2019-07-16 03:59:32+00:00,2019-07-16 08:51:14+00:00,4.861666666666666,True,True,30.6602133436443,32.4706983499035,30.6385057941143,32.4740950312277,30.6350618761731,32.4584101340286,30.6567694257031,32.4550134527044
S1_20190718_034303_034443_VV_1,ow-0529.jpg,ow-0529-01-001339,S1A_IW_GRDH_1SDV_20190718T034328_20190718T034353_028166_032E76_4818.SAFE,2019-07-18 03:43:03+00:00,2019-07-18 03:44:43+00:00,2019-07-18T03:43:53Z,34.6356400025471,34.3937565015492,34.7982419763656,34.5293426538929,S2B_MSIL2A_20190718T082609_N0500_R021_T36SXD_20230720T105128.SAFE,2019-07-18 08:40:37+00:00,0.77,S1_20190718_034303_034443_VV_1||2019-07-18 08:40:37+00:00,dataset_out\sent1\S1_20190718_034303_034443_VV_1__S1__20190718T034303Z.png,dataset_out\sentinel2\S1_20190718_034303_034443_VV_1__S2__20190718T084037Z.png,2019-07-18 03:43:03+00:00,2019-07-18 08:40:37+00:00,4.959444444444444,True,True,34.7525111309105,34.4921734883839,34.6935237262749,34.500943784357,34.6775882003814,34.429813397658,34.7365756050169,34.4210431016849
S1_20190723_035122_035304_VV_0,ow-0541.jpg,ow-0541-01-001356,S1A_IW_GRDH_1SDV_20190723T035147_20190723T035212_028239_0330A7_B840.SAFE,2019-07-23 03:51:22+00:00,2019-07-23 03:53:04+00:00,2019-07-23T03:52:13Z,31.8619220220951,34.4233348107951,32.0232782866406,34.5582072439265,S2A_MSIL2A_20190723T082611_N0500_R021_T36SVD_20230719T004151.SAFE,2019-07-23 08:40:41+00:00,2.23,S1_20190723_035122_035304_VV_0||2019-07-23 08:40:41+00:00,dataset_out\sent1\S1_20190723_035122_035304_VV_0__S1__20190723T035122Z.png,dataset_out\sentinel2\S1_20190723_035122_035304_VV_0__S2__20190723T084041Z.png,2019-07-23 03:51:22+00:00,2019-07-23 08:40:41+00:00,4.821944444444444,True,True,31.9622801622706,34.4907544558861,31.923393974407,34.4962847788366,31.9223129023607,34.4910594455532,31.9611990902243,34.4855291226028
S1_20190723_035122_035304_VV_4,ow-0545.jpg,ow-0545-01-001361,S1A_IW_GRDH_1SDV_20190723T035212_20190723T035237_028239_0330A7_A061.SAFE,2019-07-23 03:51:22+00:00,2019-07-23 03:53:04+00:00,2019-07-23T03:52:13Z,31.1197476606355,32.3040363447677,31.2771068058899,32.4388393298111,S2A_MSIL2A_20190723T082611_N0500_R021_T36SUB_20230719T004151.SAFE,2019-07-23 08:41:14+00:00,0.0,S1_20190723_035122_035304_VV_4||2019-07-23 08:41:14+00:00,dataset_out\sent1\S1_20190723_035122_035304_VV_4__S1__20190723T035122Z.png,dataset_out\sentinel2\S1_20190723_035122_035304_VV_4__S2__20190723T084114Z.png,2019-07-23 03:51:22+00:00,2019-07-23 08:41:14+00:00,4.831111111111111,True,True,31.2111203417062,32.3608677416533,31.2008771575426,32.362361131184,31.1988147285199,32.3522726008848,31.2090579126835,32.3507792113542
S1_20190723_035122_035304_VV_7,ow-0547.jpg,ow-0547-02-001365,S1A_IW_GRDH_1SDV_20190723T035237_20190723T035304_028239_0330A7_2013.SAFE;S1A_IW_GRDH_1SDV_20190723T035212_20190723T035237_028239_0330A7_A061.SAFE,2019-07-23 03:51:22+00:00,2019-07-23 03:53:04+00:00,2019-07-23T03:52:13Z,32.2215985928161,31.3372222279463,32.3790220828441,31.4734404321698,S2A_MSIL2A_20190723T082611_N0500_R021_T36RVV_20230719T004151.SAFE,2019-07-23 08:41:39+00:00,0.18,S1_20190723_035122_035304_VV_7||2019-07-23 08:41:39+00:00,dataset_out\sent1\S1_20190723_035122_035304_VV_7__S1__20190723T035122Z.png,dataset_out\sentinel2\S1_20190723_035122_035304_VV_7__S2__20190723T084139Z.png,2019-07-23 03:51:22+00:00,2019-07-23 08:41:39+00:00,4.838055555555556,True,True,32.3640590756116,31.3954930499143,32.3605426359346,31.3960460242136,32.3599166389681,31.3931610155074,32.3634330786451,31.392608041208
S1_20190723_035122_035304_VV_5,ow-0546.jpg,ow-0546-01-001363,S1A_IW_GRDH_1SDV_20190723T035212_20190723T035237_028239_0330A7_A061.SAFE,2019-07-23 03:51:22+00:00,2019-07-23 03:53:04+00:00,2019-07-23T03:52:13Z,32.7369643789767,31.4271685782538,32.8948034972295,31.5639592003883,S2A_MSIL2A_20190723T082611_N0500_R021_T36SVA_20230719T004151.SAFE,2019-07-23 08:41:25+00:00,0.01,S1_20190723_035122_035304_VV_5||2019-07-23 08:41:25+00:00,dataset_out\sent1\S1_20190723_035122_035304_VV_5__S1__20190723T035122Z.png,dataset_out\sentinel2\S1_20190723_035122_035304_VV_5__S2__20190723T084125Z.png,2019-07-23 03:51:22+00:00,2019-07-23 08:41:25+00:00,4.8341666666666665,True,True,32.8334170239209,31.4955316210614,32.793154671095,31.5020416025136,32.791910020536,31.4964507268822,32.8321723733619,31.4899407454301
S1_20190723_153948_154103_VV_4,ow-0549.jpg,ow-0549-01-001371,S1B_IW_GRDH_1SDV_20190723T154038_20190723T154103_017263_020781_85CD.SAFE,2019-07-23 15:39:48+00:00,2019-07-23 15:41:03+00:00,2019-07-23T15:40:25Z,33.8588846741952,34.3585315158565,34.021960800598,34.494758405054,S2A_MSIL2A_20190723T082611_N0500_R021_T36SWD_20230719T004151.SAFE,2019-07-23 08:40:38+00:00,1.17,S1_20190723_153948_154103_VV_4||2019-07-23 08:40:38+00:00,dataset_out\sent1\S1_20190723_153948_154103_VV_4__S1__20190723T153948Z.png,dataset_out\sentinel2\S1_20190723_153948_154103_VV_4__S2__20190723T084038Z.png,2019-07-23 15:39:48+00:00,2019-07-23 08:40:38+00:00,-6.986111111111111,True,True,33.8745358735959,34.4137980935468,33.9101410657349,34.4192305415672,33.9089718629262,34.4244542803599,33.8733666707871,34.4190218323396
S1_20190730_034303_034443_VV_0,ow-0561.jpg,ow-0561-01-001394,S1A_IW_GRDH_1SDV_20190730T034328_20190730T034353_028341_0333D2_4C47.SAFE,2019-07-30 03:43:03+00:00,2019-07-30 03:44:43+00:00,2019-07-30T03:43:53Z,33.9066826536951,33.6194297592058,34.1299760055834,33.807244936691,S2A_MSIL2A_20190730T081611_N0500_R121_T36SWC_20230719T023057.SAFE,2019-07-30 08:30:56+00:00,0.01,S1_20190730_034303_034443_VV_0||2019-07-30 08:30:56+00:00,dataset_out\sent1\S1_20190730_034303_034443_VV_0__S1__20190730T034303Z.png,dataset_out\sentinel2\S1_20190730_034303_034443_VV_0__S2__20190730T083056Z.png,2019-07-30 03:43:03+00:00,2019-07-30 08:30:56+00:00,4.798055555555556,True,True,34.1041806694029,33.7604772712777,33.9829941495333,33.7780816038073,33.9696714995303,33.7153916674088,34.0908580193999,33.6977873348793
S1_20190730_034303_034443_VV_6,ow-0566.jpg,ow-0566-01-001400,S1A_IW_GRDH_1SDV_20190730T034353_20190730T034418_028341_0333D2_2D41.SAFE,2019-07-30 03:43:03+00:00,2019-07-30 03:44:43+00:00,2019-07-30T03:43:53Z,33.5547857120992,32.013075063565,33.7123345229022,32.1483509643523,S2A_MSIL2A_20190730T081611_N0500_R121_T36SWA_20230719T023057.SAFE,2019-07-30 08:31:24+00:00,0.44,S1_20190730_034303_034443_VV_6||2019-07-30 08:31:24+00:00,dataset_out\sent1\S1_20190730_034303_034443_VV_6__S1__20190730T034303Z.png,dataset_out\sentinel2\S1_20190730_034303_034443_VV_6__S2__20190730T083124Z.png,2019-07-30 03:43:03+00:00,2019-07-30 08:31:24+00:00,4.805833333333333,True,True,33.6379343469716,32.0821036715013,33.625020062511,32.084034758639,33.6236186835807,32.077366543594,33.6365329680413,32.0754354564563
S1_20190820_155645_155825_VV_9,ow-0623.jpg,ow-0623-01-001498,S1A_IW_GRDH_1SDV_20190820T155710_20190820T155735_028655_033E24_AFFA.SAFE,2019-08-20 15:56:45+00:00,2019-08-20 15:58:25+00:00,2019-08-20T15:57:35Z,31.2034463864885,31.8109917066121,31.3608325950526,31.9467247918157,S2B_MSIL2A_20190820T083609_N0500_R064_T36SUA_20230506T133242.SAFE,2019-08-20 08:51:24+00:00,4.15,S1_20190820_155645_155825_VV_9||2019-08-20 08:51:24+00:00,dataset_out\sent1\S1_20190820_155645_155825_VV_9__S1__20190820T155645Z.png,dataset_out\sentinel2\S1_20190820_155645_155825_VV_9__S2__20190820T085124Z.png,2019-08-20 15:56:45+00:00,2019-08-20 08:51:24+00:00,-7.089166666666666,True,True,31.2635517110981,31.87342626274,31.2795550736437,31.8758575132926,31.2768513884133,31.8886735999748,31.2608480258678,31.8862423494222
S1_20190822_035047_035226_VV_0,ow-0647.jpg,ow-0647-01-001557,S1B_IW_GRDH_1SDV_20190822T035137_20190822T035202_017693_021497_9677.SAFE,2019-08-22 03:50:47+00:00,2019-08-22 03:52:26+00:00,2019-08-22T03:51:36Z,31.1952952755167,32.03489979907,31.6223995390342,32.4006214696572,S2A_MSIL2A_20190822T082601_N0500_R021_T36SUA_20230506T055529.SAFE,2019-08-22 08:41:25+00:00,0.0,S1_20190822_035047_035226_VV_0||2019-08-22 08:41:25+00:00,dataset_out\sent1\S1_20190822_035047_035226_VV_0__S1__20190822T035047Z.png,dataset_out\sentinel2\S1_20190822_035047_035226_VV_0__S2__20190822T084125Z.png,2019-08-22 03:50:47+00:00,2019-08-22 08:41:25+00:00,4.8438888888888885,True,True,31.5484631017724,32.0407068030997,31.5419821619406,32.0416654671353,31.5410847749262,32.0373428461285,31.547565714758,32.0363841820929
S1_20190822_035047_035226_VV_2,ow-0648.jpg,ow-0648-01-001560,S1B_IW_GRDH_1SDV_20190822T035047_20190822T035112_017693_021497_D54D.SAFE,2019-08-22 03:50:47+00:00,2019-08-22 03:52:26+00:00,2019-08-22T03:51:36Z,32.3325722212228,34.4385266148238,32.4943758696443,34.5739793946484,S2A_MSIL2A_20190822T082601_N0500_R021_T36SVD_20230506T055529.SAFE,2019-08-22 08:40:38+00:00,1.2,S1_20190822_035047_035226_VV_2||2019-08-22 08:40:38+00:00,dataset_out\sent1\S1_20190822_035047_035226_VV_2__S1__20190822T035047Z.png,dataset_out\sentinel2\S1_20190822_035047_035226_VV_2__S2__20190822T084038Z.png,2019-08-22 03:50:47+00:00,2019-08-22 08:40:38+00:00,4.8308333333333335,True,True,32.4077858466904,34.511553465625,32.3979536933138,34.5130056307242,32.3971721785948,34.5094041074848,32.4070043319714,34.5079519423856
S1_20190822_035047_035226_VV_3,ow-0649.jpg,ow-0649-01-001562,S1B_IW_GRDH_1SDV_20190822T035137_20190822T035202_017693_021497_9677.SAFE,2019-08-22 03:50:47+00:00,2019-08-22 03:52:26+00:00,2019-08-22T03:51:36Z,31.5182964538466,31.9054515880335,31.6756473743004,32.0407013298486,S2A_MSIL2A_20190822T082601_N0500_R021_T36SUA_20230506T055529.SAFE,2019-08-22 08:41:25+00:00,0.0,S1_20190822_035047_035226_VV_3||2019-08-22 08:41:25+00:00,dataset_out\sent1\S1_20190822_035047_035226_VV_3__S1__20190822T035047Z.png,dataset_out\sentinel2\S1_20190822_035047_035226_VV_3__S2__20190822T084125Z.png,2019-08-22 03:50:47+00:00,2019-08-22 08:41:25+00:00,4.8438888888888885,True,True,31.5854803395682,32.0106501807001,31.5721505390979,32.0126463149181,31.570233822374,32.0034592705721,31.5835636228443,32.0014631363541
S1_20190822_035047_035226_VV_6,ow-0651.jpg,ow-0651-01-001565,S1B_IW_GRDH_1SDV_20190822T035137_20190822T035202_017693_021497_9677.SAFE,2019-08-22 03:50:47+00:00,2019-08-22 03:52:26+00:00,2019-08-22T03:51:36Z,31.9906554505157,31.6251927555823,32.1484453170377,31.7610399031707,S2A_MSIL2A_20190822T082601_N0500_R021_T36SVA_20230506T055529.SAFE,2019-08-22 08:41:22+00:00,0.0,S1_20190822_035047_035226_VV_6||2019-08-22 08:41:22+00:00,dataset_out\sent1\S1_20190822_035047_035226_VV_6__S1__20190822T035047Z.png,dataset_out\sentinel2\S1_20190822_035047_035226_VV_6__S2__20190822T084122Z.png,2019-08-22 03:50:47+00:00,2019-08-22 08:41:22+00:00,4.843055555555556,True,True,32.0973694273772,31.7176805546597,32.0553708409983,31.7241571841452,32.0425833602056,31.6645114323517,32.0845819465845,31.6580348028663
S1_20190822_035047_035226_VV_7,ow-0652.jpg,ow-0652-01-001566,S1B_IW_GRDH_1SDV_20190822T035137_20190822T035202_017693_021497_9677.SAFE,2019-08-22 03:50:47+00:00,2019-08-22 03:52:26+00:00,2019-08-22T03:51:36Z,32.7034618097068,31.4149437818747,32.8618912486225,31.5516628830375,S2A_MSIL2A_20190822T082601_N0500_R021_T36SVA_20230506T055529.SAFE,2019-08-22 08:41:22+00:00,0.0,S1_20190822_035047_035226_VV_7||2019-08-22 08:41:22+00:00,dataset_out\sent1\S1_20190822_035047_035226_VV_7__S1__20190822T035047Z.png,dataset_out\sentinel2\S1_20190822_035047_035226_VV_7__S2__20190822T084122Z.png,2019-08-22 03:50:47+00:00,2019-08-22 08:41:22+00:00,4.843055555555556,True,True,32.7641686381893,31.5062611461434,32.7614730664551,31.5066948649771,32.7607093742527,31.5032699134183,32.7634049459869,31.5028361945846
S1_20190822_035047_035226_VV_5,ow-0650.jpg,ow-0650-01-001564,S1B_IW_GRDH_1SDV_20190822T035137_20190822T035202_017693_021497_9677.SAFE,2019-08-22 03:50:47+00:00,2019-08-22 03:52:26+00:00,2019-08-22T03:51:36Z,32.8914646060486,31.726957583762,33.0499979216267,31.8638177854723,S2A_MSIL2A_20190822T082601_N0500_R021_T36SWA_20230506T055529.SAFE,2019-08-22 08:41:18+00:00,0.09,S1_20190822_035047_035226_VV_5||2019-08-22 08:41:18+00:00,dataset_out\sent1\S1_20190822_035047_035226_VV_5__S1__20190822T035047Z.png,dataset_out\sentinel2\S1_20190822_035047_035226_VV_5__S2__20190822T084118Z.png,2019-08-22 03:50:47+00:00,2019-08-22 08:41:18+00:00,4.841944444444445,True,True,32.9888389351321,31.8014214346534,32.9567142932307,31.8066259472666,32.9518599870641,31.7849939595337,32.9839846289656,31.7797894469204
S1_20190822_035047_035226_VV_8,ow-0653.jpg,ow-0653-01-001568,S1B_IW_GRDH_1SDV_20190822T035137_20190822T035202_017693_021497_9677.SAFE,2019-08-22 03:50:47+00:00,2019-08-22 03:52:26+00:00,2019-08-22T03:51:36Z,32.2658754485528,31.5006109173571,32.423987451115,31.6368958099599,S2A_MSIL2A_20190822T082601_N0500_R021_T36SVA_20230506T055529.SAFE,2019-08-22 08:41:22+00:00,0.0,S1_20190822_035047_035226_VV_8||2019-08-22 08:41:22+00:00,dataset_out\sent1\S1_20190822_035047_035226_VV_8__S1__20190822T035047Z.png,dataset_out\sentinel2\S1_20190822_035047_035226_VV_8__S2__20190822T084122Z.png,2019-08-22 03:50:47+00:00,2019-08-22 08:41:22+00:00,4.843055555555556,True,True,32.3452650656754,31.572243217218,32.341735271295,31.5727993214077,32.340513405041,31.5672120942681,32.3440431994214,31.5666559900784
S1_20190824_033416_033556_VV_0,ow-0658.jpg,ow-0658-01-001575,S1B_IW_GRDH_1SDV_20190824T033441_20190824T033506_017722_021577_8148.SAFE,2019-08-24 03:34:16+00:00,2019-08-24 03:35:56+00:00,2019-08-24T03:35:06Z,35.3656685571569,34.1073977752762,35.5249918726934,34.2416429127957,S2B_MSIL2A_20190824T081609_N0500_R121_T36SYD_20230715T114954.SAFE,2019-08-24 08:30:35+00:00,0.01,S1_20190824_033416_033556_VV_0||2019-08-24 08:30:35+00:00,dataset_out\sent1\S1_20190824_033416_033556_VV_0__S1__20190824T033416Z.png,dataset_out\sentinel2\S1_20190824_033416_033556_VV_0__S2__20190824T083035Z.png,2019-08-24 03:34:16+00:00,2019-08-24 08:30:35+00:00,4.938611111111111,True,True,35.4657677016344,34.2025760200727,35.4397213905787,34.2061965203844,35.4305048254,34.1593752536033,35.4565511364556,34.1557547532917
S1_20190825_160456_160636_VV_2,ow-0659.jpg,ow-0659-01-001576,S1A_IW_GRDH_1SDV_20190825T160521_20190825T160546_028728_0340B1_6F50.SAFE,2019-08-25 16:04:56+00:00,2019-08-25 16:06:36+00:00,2019-08-25T16:05:46Z,30.1591123781127,31.5349959701138,30.3156196122617,31.669842066647,S2A_MSIL2A_20190825T083601_N0500_R064_T36STA_20230715T101824.SAFE,2019-08-25 08:51:25+00:00,4.8,S1_20190825_160456_160636_VV_2||2019-08-25 08:51:25+00:00,dataset_out\sent1\S1_20190825_160456_160636_VV_2__S1__20190825T160456Z.png,dataset_out\sentinel2\S1_20190825_160456_160636_VV_2__S2__20190825T085125Z.png,2019-08-25 16:04:56+00:00,2019-08-25 08:51:25+00:00,-7.2252777777777775,True,True,30.2762977756237,31.612167308051,30.2931487101093,31.6146178959994,30.2877092676633,31.6415038811903,30.2708583331777,31.6390532932419
S1_20190827_154843_155023_VV_5,ow-0673.jpg,ow-0673-01-001604,S1A_IW_GRDH_1SDV_20190827T154908_20190827T154933_028757_0341B2_83CA.SAFE,2019-08-27 15:48:43+00:00,2019-08-27 15:50:23+00:00,2019-08-27T15:49:33Z,32.4331693215819,32.6171126515885,32.5933364766925,32.7532972539547,S2B_MSIL2A_20190827T082609_N0500_R021_T36SVB_20230722T001746.SAFE,2019-08-27 08:41:09+00:00,8.96,S1_20190827_154843_155023_VV_5||2019-08-27 08:41:09+00:00,dataset_out\sent1\S1_20190827_154843_155023_VV_5__S1__20190827T154843Z.png,dataset_out\sentinel2\S1_20190827_154843_155023_VV_5__S2__20190827T084109Z.png,2019-08-27 15:48:43+00:00,2019-08-27 08:41:09+00:00,-7.126111111111111,True,True,32.4902463501249,32.6967336210129,32.494875477491,32.6974510970181,32.4938793200015,32.7019554944058,32.4892501926354,32.7012380184006
S1_20190914_154754_154934_VV_6,ow-0715.jpg,ow-0715-01-001673,S1B_IW_GRDH_1SDV_20190914T154844_20190914T154909_018036_021F43_27F9.SAFE,2019-09-14 15:47:54+00:00,2019-09-14 15:49:34+00:00,2019-09-14T15:48:44Z,31.8313323146342,33.8342603506601,31.9930045588792,33.9709148526801,S2A_MSIL2A_20190914T083601_N0500_R064_T36SUC_20230702T203658.SAFE,2019-09-14 08:50:49+00:00,4.78,S1_20190914_154754_154934_VV_6||2019-09-14 08:50:49+00:00,dataset_out\sent1\S1_20190914_154754_154934_VV_6__S1__20190914T154754Z.png,dataset_out\sentinel2\S1_20190914_154754_154934_VV_6__S2__20190914T085049Z.png,2019-09-14 15:47:54+00:00,2019-09-14 08:50:49+00:00,-6.951388888888889,True,True,31.932498627047,33.8756691705412,31.9386431481504,33.8766262625502,31.9377470255915,33.8805976912572,31.9316025044882,33.8796405992482
S1_20191019_155647_155827_VV_0,ow-0827.jpg,ow-0827-01-001928,S1A_IW_GRDH_1SDV_20191019T155737_20191019T155802_029530_035C5B_E72A.SAFE;S1A_IW_GRDH_1SDV_20191019T155712_20191019T155737_029530_035C5B_D123.SAFE,2019-10-19 15:56:47+00:00,2019-10-19 15:58:27+00:00,2019-10-19T15:57:37Z,29.8672214022157,32.3044582790166,30.6058873363204,32.9348080406016,S2B_MSIL2A_20191019T083949_N0500_R064_T35SQR_20230724T185644.SAFE,2019-10-19 08:51:26+00:00,4.44,S1_20191019_155647_155827_VV_0||2019-10-19 08:51:26+00:00,dataset_out\sent1\S1_20191019_155647_155827_VV_0__S1__20191019T155647Z.png,dataset_out\sentinel2\S1_20191019_155647_155827_VV_0__S2__20191019T085126Z.png,2019-10-19 15:56:47+00:00,2019-10-19 08:51:26+00:00,-7.089166666666666,True,True,29.9856594338641,32.3046716675615,30.4252304475062,32.3734506359377,30.3352282222794,32.7792755951506,29.8956572086373,32.7104966267743
S1_20191021_035049_035228_VV_9,ow-0855.jpg,ow-0855-01-001976,S1B_IW_GRDH_1SDV_20191021T035114_20191021T035139_018568_022FC0_0980.SAFE,2019-10-21 03:50:49+00:00,2019-10-21 03:52:28+00:00,2019-10-21T03:51:38Z,31.2110154770685,32.9425730444805,31.370004304067,33.0772000011466,S2A_MSIL2A_20191021T083001_N0500_R021_T36SUB_20230712T031205.SAFE,2019-10-21 08:41:12+00:00,8.71,S1_20191021_035049_035228_VV_9||2019-10-21 08:41:12+00:00,dataset_out\sent1\S1_20191021_035049_035228_VV_9__S1__20191021T035049Z.png,dataset_out\sentinel2\S1_20191021_035049_035228_VV_9__S2__20191021T084112Z.png,2019-10-21 03:50:49+00:00,2019-10-21 08:41:12+00:00,4.839722222222222,True,True,31.2994367247816,33.0278810003328,31.2882346115417,33.0294885577998,31.2800074214078,32.9895233748035,31.2912095346478,32.9879158173365
S1_20190531_034300_034440_VV_10,oc-0164.jpg,oc-0164-01-000431,S1A_IW_GRDH_1SDV_20190531T034350_20190531T034415_027466_031954_419E.SAFE,2019-05-31 03:43:00+00:00,2019-05-31 03:44:40+00:00,2019-05-31T03:43:50Z,34.5603573915157,31.8033803949166,34.7187748155272,31.9397724112857,S2A_MSIL2A_20190531T081611_N0500_R121_T36SXA_20230717T160914.SAFE,2019-05-31 08:31:19+00:00,9.17,S1_20190531_034300_034440_VV_10||2019-05-31 08:31:19+00:00,dataset_out\sent1\S1_20190531_034300_034440_VV_10__S1__20190531T034300Z.png,dataset_out\sentinel2\S1_20190531_034300_034440_VV_10__S2__20190531T083119Z.png,2019-05-31 03:43:00+00:00,2019-05-31 08:31:19+00:00,4.8052777777777775,True,True,34.6436576280632,31.8832392890588,34.6411670642037,31.8836342272611,34.6365293567438,31.8627309102493,34.6390199206034,31.8623359720471
S1_20190603_155613_155637_VV_1,oc-0165.jpg,oc-0165-01-000432,S1B_IW_GRDH_1SDV_20190603T155613_20190603T155637_016534_01F1F4_6FF3.SAFE,2019-06-03 15:56:13+00:00,2019-06-03 15:56:37+00:00,2019-06-03T15:56:25Z,31.9782424675317,31.4004919533455,32.1342607633746,31.5349276249895,S2A_MSIL2A_20190603T082601_N0500_R021_T36RVV_20230726T042924.SAFE,2019-06-03 08:41:36+00:00,2.84,S1_20190603_155613_155637_VV_1||2019-06-03 08:41:36+00:00,dataset_out\sent1\S1_20190603_155613_155637_VV_1__S1__20190603T155613Z.png,dataset_out\sentinel2\S1_20190603_155613_155637_VV_1__S2__20190603T084136Z.png,2019-06-03 15:56:13+00:00,2019-06-03 08:41:36+00:00,-7.243611111111111,True,True,32.052706544529,31.4557225786431,32.0630728463812,31.4572464685932,32.0591724235087,31.4764613079529,32.0488061216565,31.4749374180028
S1_20190626_160452_160632_VV_0,oc-0195.jpg,oc-0195-01-000510,S1A_IW_GRDH_1SDV_20190626T160517_20190626T160542_027853_032501_FC2B.SAFE,2019-06-26 16:04:52+00:00,2019-06-26 16:06:32+00:00,2019-06-26T16:05:42Z,29.9995501627443,31.2709459303942,30.1554859964029,31.4059972466339,S2A_MSIL2A_20190626T083601_N0500_R064_T35RQQ_20230722T195036.SAFE,2019-06-26 08:51:44+00:00,0.1,S1_20190626_160452_160632_VV_0||2019-06-26 08:51:44+00:00,dataset_out\sent1\S1_20190626_160452_160632_VV_0__S1__20190626T160452Z.png,dataset_out\sentinel2\S1_20190626_160452_160632_VV_0__S2__20190626T085144Z.png,2019-06-26 16:04:52+00:00,2019-06-26 08:51:44+00:00,-7.218888888888888,True,True,30.0847769891811,31.2886049501209,30.0930410335113,31.2898283664859,30.0891879758003,31.308593322826,30.0809239314701,31.3073699064611
S1_20190723_035122_035304_VV_6,oc-0217.jpg,oc-0217-01-000557,S1A_IW_GRDH_1SDV_20190723T035212_20190723T035237_028239_0330A7_A061.SAFE,2019-07-23 03:51:22+00:00,2019-07-23 03:53:04+00:00,2019-07-23T03:52:13Z,31.767469233956,31.5132739653574,31.9245681054914,31.6490527633926,S2A_MSIL2A_20190723T082611_N0500_R021_T36SUA_20230719T004151.SAFE,2019-07-23 08:41:28+00:00,0.0,S1_20190723_035122_035304_VV_6||2019-07-23 08:41:28+00:00,dataset_out\sent1\S1_20190723_035122_035304_VV_6__S1__20190723T035122Z.png,dataset_out\sentinel2\S1_20190723_035122_035304_VV_6__S2__20190723T084128Z.png,2019-07-23 03:51:22+00:00,2019-07-23 08:41:28+00:00,4.835,True,True,31.8103474943087,31.6346877004191,31.8026841860533,31.6358673109668,31.8018404740096,31.6319013048397,31.8095037822651,31.630721694292
S1_20190723_035122_035304_VV_8,oc-0218.jpg,oc-0218-01-000560,S1A_IW_GRDH_1SDV_20190723T035237_20190723T035304_028239_0330A7_2013.SAFE,2019-07-23 03:51:22+00:00,2019-07-23 03:53:04+00:00,2019-07-23T03:52:13Z,32.2953590251768,31.2059565238935,32.45288577615,31.3423182837311,S2A_MSIL2A_20190723T082611_N0500_R021_T36RVV_20230719T004151.SAFE,2019-07-23 08:41:39+00:00,0.18,S1_20190723_035122_035304_VV_8||2019-07-23 08:41:39+00:00,dataset_out\sent1\S1_20190723_035122_035304_VV_8__S1__20190723T035122Z.png,dataset_out\sentinel2\S1_20190723_035122_035304_VV_8__S2__20190723T084139Z.png,2019-07-23 03:51:22+00:00,2019-07-23 08:41:39+00:00,4.838055555555556,True,True,32.4458167597187,31.3222962751837,32.3957822999106,31.3302198525028,32.3899538257381,31.3035320196858,32.4399882855462,31.2956084423668
S1_20190730_034303_034443_VV_8,oc-0230.jpg,oc-0230-01-000588,S1A_IW_GRDH_1SDV_20190730T034418_20190730T034443_028341_0333D2_9F38.SAFE,2019-07-30 03:43:03+00:00,2019-07-30 03:44:43+00:00,2019-07-30T03:43:53Z,34.2856456150274,31.4143220565516,34.4431143438225,31.5506796842199,S2A_MSIL2A_20190730T081611_N0500_R121_T36SXA_20230719T023057.SAFE,2019-07-30 08:31:22+00:00,0.05,S1_20190730_034303_034443_VV_8||2019-07-30 08:31:22+00:00,dataset_out\sent1\S1_20190730_034303_034443_VV_8__S1__20190730T034303Z.png,dataset_out\sentinel2\S1_20190730_034303_034443_VV_8__S2__20190730T083122Z.png,2019-07-30 03:43:03+00:00,2019-07-30 08:31:22+00:00,4.8052777777777775,True,True,34.3812742570496,31.4826187848685,34.360849931658,31.4858604739552,34.3560813030594,31.4642227388726,34.376505628451,31.4609810497859
S1_20190730_153133_153313_VV_0,oc-0231.jpg,oc-0231-01-000591,S1B_IW_GRDH_1SDV_20190730T153223_20190730T153248_017365_020A74_A71C.SAFE,2019-07-30 15:31:33+00:00,2019-07-30 15:33:13+00:00,2019-07-30T15:32:23Z,35.4776802362604,34.1605950895104,35.6435896897544,34.2970397445695,S2A_MSIL2A_20190730T081611_N0500_R121_T36SYC_20230719T023057.SAFE,2019-07-30 08:30:49+00:00,2.86,S1_20190730_153133_153313_VV_0||2019-07-30 08:30:49+00:00,dataset_out\sent1\S1_20190730_153133_153313_VV_0__S1__20190730T153133Z.png,dataset_out\sentinel2\S1_20190730_153133_153313_VV_0__S2__20190730T083049Z.png,2019-07-30 15:31:33+00:00,2019-07-30 08:30:49+00:00,-7.012222222222222,True,True,35.5179000838903,34.2123436698139,35.5715598778213,34.2208291697428,35.564615203189,34.2477574929575,35.510955409258,34.2392719930286
S1_20190730_153133_153313_VV_1,oc-0232.jpg,oc-0232-01-000592,S1B_IW_GRDH_1SDV_20190730T153223_20190730T153248_017365_020A74_A71C.SAFE,2019-07-30 15:31:33+00:00,2019-07-30 15:33:13+00:00,2019-07-30T15:32:23Z,35.7760650625308,34.3958940691943,35.9416161991887,34.5318822730072,S2A_MSIL2A_20190730T081611_N0500_R121_T36SYD_20230719T023057.SAFE,2019-07-30 08:30:35+00:00,5.26,S1_20190730_153133_153313_VV_1||2019-07-30 08:30:35+00:00,dataset_out\sent1\S1_20190730_153133_153313_VV_1__S1__20190730T153133Z.png,dataset_out\sentinel2\S1_20190730_153133_153313_VV_1__S2__20190730T083035Z.png,2019-07-30 15:31:33+00:00,2019-07-30 08:30:35+00:00,-7.016111111111111,True,True,35.8555427217994,34.4585284321619,35.8922241883052,34.4641969274939,35.8890455365437,34.4767636915113,35.8523640700379,34.4710951961793
S1_20190810_035047_035226_VV_3,oc-0237.jpg,oc-0237-01-000602,S1B_IW_GRDH_1SDV_20190810T035137_20190810T035202_017518_020F20_E49F.SAFE,2019-08-10 03:50:47+00:00,2019-08-10 03:52:26+00:00,2019-08-10T03:51:36Z,30.8910911662647,31.4844158071496,31.3201398515741,31.8536972133371,S2B_MSIL2A_20190810T083609_N0500_R064_T36SUA_20230706T111941.SAFE,2019-08-10 08:51:26+00:00,0.17,S1_20190810_035047_035226_VV_3||2019-08-10 08:51:26+00:00,dataset_out\sent1\S1_20190810_035047_035226_VV_3__S1__20190810T035047Z.png,dataset_out\sentinel2\S1_20190810_035047_035226_VV_3__S2__20190810T085126Z.png,2019-08-10 03:50:47+00:00,2019-08-10 08:51:26+00:00,5.010833333333333,True,True,31.2868580345788,31.7254005369226,30.9523893439941,31.7746111537246,30.9303734994061,31.6671080364308,31.2648421899908,31.6178974196288
S1_20190822_035047_035226_VV_10,oc-0253.jpg,oc-0253-02-000639,S1B_IW_GRDH_1SDV_20190822T035137_20190822T035202_017693_021497_9677.SAFE,2019-08-22 03:50:47+00:00,2019-08-22 03:52:26+00:00,2019-08-22T03:51:36Z,32.3366078721969,31.1828102925221,32.4940426377217,31.3192603902782,S2A_MSIL2A_20190822T082601_N0500_R021_T36RVV_20230506T055529.SAFE,2019-08-22 08:41:36+00:00,0.59,S1_20190822_035047_035226_VV_10||2019-08-22 08:41:36+00:00,dataset_out\sent1\S1_20190822_035047_035226_VV_10__S1__20190822T035047Z.png,dataset_out\sentinel2\S1_20190822_035047_035226_VV_10__S2__20190822T084136Z.png,2019-08-22 03:50:47+00:00,2019-08-22 08:41:36+00:00,4.8469444444444445,True,True,32.4026264036869,31.2263843485001,32.4007704237571,31.2266811489654,32.3998954435205,31.2227161891036,32.4017514234503,31.2224193886383
S1_20190921_035125_035307_VV_1,oc-0280.jpg,oc-0280-01-000701,S1A_IW_GRDH_1SDV_20190921T035125_20190921T035150_029114_034E08_0160.SAFE,2019-09-21 03:51:25+00:00,2019-09-21 03:53:07+00:00,2019-09-21T03:52:16Z,33.1865227921477,34.6179393566043,33.3491188311355,34.7544396382965,S2A_MSIL2A_20190921T082631_N0500_R021_T36SWD_20230630T163447.SAFE,2019-09-21 08:40:33+00:00,0.51,S1_20190921_035125_035307_VV_1||2019-09-21 08:40:33+00:00,dataset_out\sent1\S1_20190921_035125_035307_VV_1__S1__20190921T035125Z.png,dataset_out\sentinel2\S1_20190921_035125_035307_VV_1__S2__20190921T084033Z.png,2019-09-21 03:51:25+00:00,2019-09-21 08:40:33+00:00,4.818888888888889,True,True,33.2654759221449,34.6796500237829,33.2218619955541,34.6863767937598,33.2183188908795,34.6705097489387,33.2619328174703,34.6637829789618
S1_20191130_155618_155643_VV_1,oc-0350.jpg,oc-0350-01-000864,S1B_IW_GRDH_1SDV_20191130T155618_20191130T155643_019159_02429A_7E10.SAFE,2019-11-30 15:56:18+00:00,2019-11-30 15:56:43+00:00,2019-11-30T15:56:30Z,32.3131001509785,31.2354934281326,32.4685531968009,31.3697344917616,S2A_MSIL2A_20191130T083311_N0500_R021_T36RVV_20230623T084543.SAFE,2019-11-30 08:41:33+00:00,4.28,S1_20191130_155618_155643_VV_1||2019-11-30 08:41:33+00:00,dataset_out\sent1\S1_20191130_155618_155643_VV_1__S1__20191130T155618Z.png,dataset_out\sentinel2\S1_20191130_155618_155643_VV_1__S2__20191130T084133Z.png,2019-11-30 15:56:18+00:00,2019-11-30 08:41:33+00:00,-7.245833333333334,True,True,32.3547320740379,31.2574278012267,32.3628017939208,31.2585997537071,32.3607509630098,31.2688427448114,32.352681243127,31.267670792331
